{"cameraMode":{"drawMode":0,"name":"Shaded","section":"Shading Mode"},"sceneLighting":false,"audioPlay":false,"sceneViewState":{"showFog":true,"showMaterialUpdate":false,"showSkybox":false,"showFlares":true,"showImageEffects":true,"showParticleSystems":true},"in2DMode":false,"pivot":{"x":448.9781494140625,"y":315.99005126953127,"z":0.013358697295188904},"rotation":{"x":-0.025368764996528627,"y":0.9530999660491943,"z":-0.08342690020799637,"w":-0.2898222804069519},"size":0.23343412578105927,"orthographic":false}